year,projects,hard_tech_count,hard_tech_share
2021,653,392,0.6003062787136294
2022,552,387,0.7010869565217391
2023,654,374,0.5718654434250765
2024,77,50,0.6493506493506493
2025,299,210,0.7023411371237458
