year,ipo_count,planned_fund_100m,avg_fund_100m
2021,498,4874.365663921045,9.787882859279206
2022,425,4304.767608566228,10.128864961332301
2023,313,2466.892878702991,7.881446896814667
2024,100,825.910931856471,8.259109318564711
2025,116,1264.009783196161,10.89663606203587
