policy_period,count,mean_issue_pe,median_issue_pe,mean_fund_100m
全面注册制后-收紧前,114,46.7109649122807,39.769999999999996,12.397778205992983
阶段性收紧后,279,27.366379928315414,19.86,8.114024251620789
