district,shop_count,population_10k,density_per_10k,potential_index
越秀区,164,117.5,1.3957446808510638,1246.0
天河区,286,224.1,1.2762159750111557,2403.2000000000003
海珠区,203,174.3,1.1646586345381524,1888.6000000000001
荔湾区,105,96.8,1.084710743801653,1056.6
黄埔区,129,127.3,1.0133542812254517,1398.6
番禺区,277,281.8,0.9829666430092263,3104.6000000000004
白云区,281,368.9,0.7617240444564923,4145.799999999999
花都区,128,170.6,0.7502930832356389,1919.1999999999998
从化区,3,,,
南沙区,64,,,
增城区,155,,,
